Candace,Allen,100
Miranda,August,101
Thor,Lance,102
Keefe,Angelica,103
Abbot,Jillian,104
Simon,Kamal,105
Ryder,Vernon,106
Xenos,Nina,107
Brynn,Perry,108
Ross,Ila,109
Sebastian,Martin,110
Karleigh,Mechelle,111
Lionel,Ella,112
Constance,Noel,113
Reese,Jerry,114
Nina,Xenos,115
Yvette,Bruce,116
May,Emma,117
Francis,Candice,118
Bernard,Felicia,119
Roary,Zane,120
Nola,Jin,121
Leilani,Audrey,122
Raven,Lucas,123
Silas,Hall,124
Oprah,Macey,125
Garrison,Nichole,126
Brenden,Sybill,127
Charde,Caesar,128
Geoffrey,Austin,129
Demetria,Adam,130
Imogene,Hayes,131
Dorian,Troy,132
Cruz,Wynne,133
Francesca,Rina,134
Leah,Ingrid,135
Carlos,Doris,136
Joan,Otto,137
Jana,Lee,138
Alea,Axel,139
Dane,Rebekah,140
Madison,Hop,141
Melinda,Brock,142
Wing,Travis,143
Jin,Grant,144
Charles,Mechelle,145
Cade,Craig,146
Daniel,Jamalia,147
Aline,Camille,148
Chancellor,Knox,149
Winter,Gabriel,150
Jin,Castor,151
Baker,Fatima,152
Bell,Troy,153
Shelby,Adria,154
Lamar,Hermione,155
Garrison,Shelley,156
Reece,Dylan,157
Angela,Carlos,158
Donovan,Bert,159
Magee,Adara,160
Caleb,Drake,161
George,Deacon,162
Branden,Maryam,163
Heidi,Clinton,164
Hayfa,Todd,165
Brandon,Cally,166
Yvette,Vivien,167
Ima,Leigh,168
Tarik,Dominic,169
Alan,Beck,170
Sylvia,Nyssa,171
Glenna,Alana,172
Meredith,Garth,173
Kasimir,Clinton,174
Cyrus,Noble,175
Quemby,Uta,176
Yen,Dora,177
Risa,Anthony,178
Lael,Nomlanga,179
Chase,Keith,180
Gretchen,Jameson,181
Porter,Moana,182
Orson,Tana,183
Nicole,Quamar,184
Indira,Catherine,185
Galvin,Hunter,186
Madeline,Galena,187
Aurelia,Kaitlin,188
Clarke,Nero,189
Roth,Laith,190
Iris,Adria,191
Christian,Veda,192
Linda,Buckminster,193
Wallace,Hannah,194
Allen,Renee,195
Abbot,Gail,196
Clarke,Kane,197
Timothy,Paloma,198
Bell,Gregory,199
